{"type":"footer","name":"t:sections.footer.settings.footer-group.label","sections":{"footer":{"type":"footer","blocks":{"footer-0":{"type":"logo_info","settings":{"logo":"shopify:\/\/shop_images\/LOGO-AFW-_white-ver.png","logo_width":250,"description":"","enable_border_left":false,"enable_border_right":false}},"footer-1":{"type":"link_list","settings":{"heading":"SHOP","menu":"footer","default_open":false}},"footer-2":{"type":"link_list","settings":{"heading":"SUPPORT","menu":"footer-menu-support","default_open":true}},"footer-4":{"type":"contacts","settings":{"address":"San Diego, California","phone":"1-888-909-5546","email":"info@allforwood.com","working_hours":"","show_social":true,"enable_border_left":false,"enable_border_right":false}}},"block_order":["footer-0","footer-1","footer-2","footer-4"],"settings":{"color_scheme":"background-3","show_border":true,"enable_country_selector":true,"enable_language_selector":true,"payment_enable":true,"show_policy":true,"enable_copyright_date":false,"enable_copyright_shopname":true,"enable_follow_on_shop":false}}},"order":["footer"]}