{"type":"header","name":"t:sections.header.settings.header-group.label","sections":{"announcement-bar":{"type":"announcement-bar","settings":{"height":50,"height_mobile":40,"color_scheme":"scheme-1c05c804-2455-4c6c-a0fb-bbaa5d7672e9","text":"Welcome to allforwood!"}},"header":{"type":"header","blocks":{"search_promo":{"type":"search_promo","settings":{"enable_search_promo":false,"search_menu_heading":"Popular Searches","search_menu":"main-menu","show_search_block":false,"search_block_color_scheme":"","search_block_image":"shopify:\/\/shop_images\/top2arc_Post_LightMix_Interactive_-_black_copy.png","search_block_subheading":"","search_block_heading":"","search_block_desc":"","search_block_button_label":"Shop Now","search_block_button_link":"","search_block_overlay_opacity":0.3,"search_block_full_link":true}},"mega_menu":{"type":"mega_menu","settings":{"mega_menu_trigger":"Home","menu_1_heading":"Categories","menu_1":"main-menu","menu_2_heading":"Features","menu_2":"main-menu","show_promo_block_1":true,"color_scheme_1":"background-3","image_1":"shopify:\/\/shop_images\/1_3a1771d3-b962-4726-af44-61cc270b970c.jpg","subheading_1":"New Arrival","heading_1":"Transform your dining space with our Extension Table","desc_1":"","button_label_1":"Explore Now","button_link_1":"shopify:\/\/products\/extension-dining-table","overlay_opacity_1":0.5,"full_link_1":true,"show_promo_block_2":true,"color_scheme_2":"background-3","image_2":"shopify:\/\/shop_images\/top2arc_Post_LightMix_Interactive_copy.png","subheading_2":"Best Seller","heading_2":"Thoughtfully Crafted for Everyday Living","desc_2":"","button_label_2":"Explore Now","button_link_2":"shopify:\/\/products\/arched-door-storage-cabinet","overlay_opacity_2":0.5,"full_link_2":true}}},"block_order":["search_promo","mega_menu"],"settings":{"enable_border":true,"logo_position":"left-logo","logo":"shopify:\/\/shop_images\/AFW_LOGO.png","logo_2":"shopify:\/\/shop_images\/LOGO-AFW-_white-ver.png","logo_width":150,"menu":"main-menu","enable_country_selector":true,"enable_language_selector":true,"enable_social":true,"sticky_header_type":"always","enable_search":true}}},"order":["announcement-bar","header"]}