{"type":"custom.overlay","name":"t:sections.overlay-group.name","sections":{"popup_ExfnwN":{"type":"popup","blocks":{"popup_heading_XAnaTM":{"type":"popup_heading","settings":{"heading":"Join Our Community"}},"popup_description_GBiUMx":{"type":"popup_description","settings":{"description":"Get exclusive updates, design tips, and member-only perks."}},"subscribe_form_79BEUK":{"type":"subscribe_form","settings":{"placeholder_input":"Your Email","button_label":"Subscribe","button_style":"primary","description":"Let’s create better living together."}},"social_links_bpcwdN":{"type":"social_links","settings":{"show_twitter":false,"show_facebook":false,"show_pinterest":false,"show_instagram":false,"show_tiktok":false,"show_tumblr":false,"show_snapchat":false,"show_youtube":false,"show_vimeo":false}}},"block_order":["popup_heading_XAnaTM","popup_description_GBiUMx","subscribe_form_79BEUK","social_links_bpcwdN"],"disabled":true,"name":"t:sections.overlay-group.popup.name","settings":{"image":"shopify:\/\/shop_images\/1_015036d4-9737-41f0-8180-fd100096b1d1.jpg","image_layout":"left","image_fit":"cover","limit-display":5,"limit-cache":10,"position":"center","popup-id":"","trigger-open":"delay","trigger-open-delay":100,"open-scroll-type":"%","open-scroll-position":50,"manual-selector":"","trigger-close":"none","trigger-close-delay":30,"close-scroll-type":"%","close-scroll-position":50,"width":800,"color_scheme":"background-2","open-animation":"Fade","exit-animation":"Fade","show_overlay":true,"mobile":false,"scrolling":false,"overlay-close":false,"esc-close":true,"f4-close":false}}},"order":["popup_ExfnwN"]}