{"sections":{"main_article":{"type":"main-article","blocks":{"article_header":{"type":"article-header","settings":{"heading_size":"h2","blog_show_tags":true,"blog_show_image":true,"blog_show_excerpt":true,"blog_show_author":false,"blog_show_date":true,"image_ratio":"adapt","show_share":true,"show_share_facebook":true,"show_share_twitter":true,"show_share_telegram":true,"show_share_reddit":true,"show_share_copy":true}},"content":{"type":"content","settings":{}},"article_footer":{"type":"article-footer","settings":{"blog_show_tags":true,"blog_show_author":false,"blog_show_date":true,"show_share":true,"show_share_facebook":true,"show_share_twitter":true,"show_share_telegram":true,"show_share_reddit":true,"show_share_copy":true}}},"block_order":["article_header","content","article_footer"],"settings":{"show_border_bottom":true,"margin_top":"m","margin_bottom":"no-indent","padding_bottom":"l"}},"featured_blog":{"type":"featured-blog","settings":{"blog":"news","post_limit":4,"columns_per_row":4,"show_image":true,"show_tags":true,"show_date":true,"show_author":false,"show_excerpt":true,"show_count_comments":false,"columns_mobile":"1","swipe_on_mobile":false,"image_ratio":"16\/9","section_heading":"Introduction to featured blog posts","section_heading_size":"h3","section_button_label":"View All","section_button_link":"","section_button_style":"secondary","margin_top":"m","margin_bottom":"no-indent"}},"newsletter":{"type":"newsletter","settings":{"color_scheme":"background-1","overlay_enable":true,"overlay_opacity":0.5,"align_content":"right","heading":"This is where your subscription section goes","heading_size":"h2","newsletter_text":"Here can be a brief explanation of what subscribers will receive—whether it’s exclusive offers, product updates, or industry insights.","button_style":"primary","show_border_top":true,"show_border_bottom":false,"margin_top":"m","margin_bottom":"no-indent","padding_top":"l","padding_bottom":"l"}}},"order":["main_article","featured_blog","newsletter"]}