{"sections":{"cart-items":{"type":"main-cart-items","custom_css":[],"settings":{"show_cart_note":true,"margin_top":"no-indent","margin_bottom":"no-indent"}},"popular-products":{"type":"popular-products","settings":{"product_list":["jayden-counter-stool","jaden-dinning-chair","swivel-counter-stool","thor-counter-bar"],"columns_per_row":4,"columns_mobile":"1","swipe_on_mobile":false,"section_heading":"Latest Arrivals","section_heading_size":"h3","section_button_label":"Shop All","section_button_link":"","section_button_style":"secondary","image_ratio":"1\/1","image_fit":"cover","show_secondary_image":true,"show_vendor":true,"show_collection":false,"show_desc":false,"content_alignment":"center","margin_top":"m","margin_bottom":"no-indent"}},"newsletter":{"type":"newsletter","settings":{"color_scheme":"background-1","overlay_enable":true,"overlay_opacity":0.5,"align_content":"right","heading":"This is where your subscription section goes","heading_size":"h2","newsletter_text":"Here can be a brief explanation of what subscribers will receive—whether it’s exclusive offers, product updates, or industry insights.","button_style":"primary","show_border_top":true,"show_border_bottom":false,"margin_top":"m","margin_bottom":"no-indent","padding_top":"l","padding_bottom":"l"}}},"order":["cart-items","popular-products","newsletter"]}