{"sections":{"banner":{"type":"main-collection-banner","settings":{"show_collection_description":true,"show_collection_image":true,"margin_top":"no-indent","margin_bottom":"no-indent"}},"product-grid":{"type":"main-collection-product-grid","settings":{"products_per_page":12,"columns_mobile":"2","image_ratio":"1\/1","image_fit":"cover","content_alignment":"center","show_secondary_image":true,"show_vendor":false,"show_collection":false,"show_desc":false,"enable_filtering":true,"enable_sorting":true,"filter_type":"standard","image_filter_ratio":"1\/1","image_filter_fit":"cover","image_filter_columns":2,"margin_top":"xs","margin_bottom":"no-indent"}},"media":{"type":"media","blocks":{"block_1":{"type":"media_card","settings":{"color_scheme":"","image":"shopify:\/\/shop_images\/7_a06508cf-a953-42f0-844b-6ae73107218e.png","overlay_enable":true,"overlay_opacity":0.5,"show_video":false,"video_url":"https:\/\/www.youtube.com\/watch?v=_9VUPq3SxOc","autoplay_video":true,"muted_video":true,"loop_video":true,"show_icon_play":true,"show_icon_sound":true,"description_video":"","subheading":"","heading":"Highlight New Collections or Seasonal Ideas","heading_size":"h2","text":"","primary_button_label":"Shop now","primary_button_link":"shopify:\/\/products\/extension-dining-table","secondary_button_label":"","secondary_button_link":"","full_link":false}},"block_2":{"type":"media_card","settings":{"color_scheme":"","image":"shopify:\/\/shop_images\/1-20_b5f02c8c-5477-4cd4-8c64-89f37f6c4a6d.jpg","overlay_enable":true,"overlay_opacity":0.5,"show_video":false,"video_url":"https:\/\/www.youtube.com\/watch?v=_9VUPq3SxOc","autoplay_video":true,"muted_video":true,"loop_video":true,"show_icon_play":true,"show_icon_sound":true,"description_video":"","subheading":"","heading":"Revitalize Your Kitchen with Refined Design","heading_size":"h2","text":"","primary_button_label":"Shop now","primary_button_link":"shopify:\/\/products\/swivel-counter-stool","secondary_button_label":"","secondary_button_link":"","full_link":false}}},"block_order":["block_1","block_2"],"settings":{"columns_per_row":2,"content_alignment":"center","indent_value":"1.6rem","swipe_on_mobile":false,"image_ratio":"16\/9","section_heading":"","section_heading_size":"h3","section_button_label":"","section_button_link":"","section_button_style":"secondary","margin_top":"m","margin_bottom":"no-indent"}},"newsletter":{"type":"newsletter","settings":{"color_scheme":"background-1","image":"shopify:\/\/shop_images\/top2arc_Post_LightMix_Interactive_copy.png","overlay_enable":true,"overlay_opacity":0.8,"align_content":"right","heading":"Get the latest updates, offers, and new arrival - delivered to your inbox.","heading_size":"h2","newsletter_text":"Here can be a brief explanation of what subscribers will receive—whether it’s exclusive offers, product updates, or industry insights.","button_style":"primary","show_border_top":true,"show_border_bottom":false,"margin_top":"m","margin_bottom":"no-indent","padding_top":"l","padding_bottom":"l"}}},"order":["banner","product-grid","media","newsletter"]}