{"sections":{"slideshow":{"type":"slideshow","blocks":{"slideshow_item_Yybh4f":{"type":"slideshow_item","settings":{"color_scheme":"background-3","image":"shopify:\/\/shop_images\/banner-1_53ca2332-d101-4a01-8d62-de8566d0b6e5.png","subheading":"New Arrivals","heading":"Bring Christmas Into Your Home","heading_size":"h1","text":"Celebrate the season with timeless solid-wood pieces crafted to fill your space with comfort and holiday charm.","primary_button_label":"Shop now","primary_button_link":"shopify:\/\/collections\/bedroom","secondary_button_label":"","secondary_button_link":"","overlay_enable":true,"overlay_opacity":0.4}},"slideshow_item_aTBb7D":{"type":"slideshow_item","settings":{"color_scheme":"background-3","image":"shopify:\/\/shop_images\/banner-111.png","subheading":"","heading":"More Space, More Warmth","heading_size":"h1","text":"Create a cozy Christmas gathering with our extension dining table—perfect for hosting more smiles, more stories, and more holiday moments.","primary_button_label":"Shop now","primary_button_link":"shopify:\/\/products\/extension-dining-table","secondary_button_label":"","secondary_button_link":"","overlay_enable":true,"overlay_opacity":0.5}},"block_2":{"type":"slideshow_item","settings":{"color_scheme":"background-3","image":"shopify:\/\/shop_images\/V2_ARCHED_DOOR_Post_LightMix_Interactive_copy.png","subheading":"","heading":"Living Room Harmony","heading_size":"h1","text":"Where natural wood meets modern design. Discover furniture crafted to bring balance, warmth, and character into every corner of your home.","primary_button_label":"Shop Now","primary_button_link":"shopify:\/\/products\/arched-door-storage-cabinet","secondary_button_label":"","secondary_button_link":"","overlay_enable":true,"overlay_opacity":0.5}},"block_1":{"type":"slideshow_item","settings":{"color_scheme":"background-3","image":"shopify:\/\/shop_images\/3_15af6e5d-ad26-4c7a-abe5-9aefacefdec6.jpg","subheading":"","heading":"Dream Spaces: Crafted from Solid Hevea Wood","heading_size":"h1","text":"Discover timeless dining pieces designed with simplicity and strength in mind. Crafted from sustainably sourced solid Hevea wood to elevate your every meal.","primary_button_label":"Shop Now","primary_button_link":"shopify:\/\/products\/extension-dining-table","secondary_button_label":"","secondary_button_link":"","overlay_enable":true,"overlay_opacity":0.5}},"block_3":{"type":"slideshow_item","settings":{"color_scheme":"background-3","image":"shopify:\/\/shop_images\/Swivel_LightOak_e1b70bdc-b810-4fd1-b0fa-12872964cd68.jpg","subheading":"","heading":"Inner Inspirations: Elevate Every Space with Personal Touch","heading_size":"h1","text":"Step into a realm where creativity meets comfort. Curated collections promise to transform any room into your personal paradise.","primary_button_label":"Shop Now","primary_button_link":"shopify:\/\/products\/swivel-counter-stool","secondary_button_label":"","secondary_button_link":"","overlay_enable":true,"overlay_opacity":0.5}}},"block_order":["slideshow_item_Yybh4f","slideshow_item_aTBb7D","block_2","block_1","block_3"],"custom_css":["@media (max-width: 767px) {h2, h1, .h1, .h0 {font-size: 20px !important; line-height: 1.1 !important; margin-bottom: 5px !important; } p, .rte, .banner__text {font-size: 13px !important; } .button {font-size: 12px !important; padding: 6px 12px !important; min-height: 0 !important; } .banner__content {padding: 10px !important; width: 95% !important; min-height: 0 !important; }}"],"settings":{"header_overlay":true,"section_layout":"overlay","section_size":"full","content_alignment":"center","image_size":"16\/9","is_loop":true,"is_autoplay":true,"is_hover_stop_autoplay":true,"show_arrows":true,"show_bullets":false,"parallax":true,"slideshow_speed":1.5,"slideshow_delay":3.2,"slide_effects":"fade","slide_effects_split_screen":"fade","margin_top":"no-indent","margin_bottom":"no-indent"}},"categories-list":{"type":"categories-list","blocks":{"collection_1":{"type":"collection_item","settings":{"collection":"bedroom","color_scheme":"","image":"shopify:\/\/shop_images\/7_fd1bb869-7be8-404e-a76c-f849980e230a.png","overlay_enable":true,"overlay_opacity":0.4}},"collection_2":{"type":"collection_item","settings":{"collection":"dining-room","color_scheme":"","image":"shopify:\/\/shop_images\/3_21be45b7-4070-4a8f-84a0-8533d99e1516.jpg","overlay_enable":true,"overlay_opacity":0.2}},"collection_3":{"type":"collection_item","settings":{"collection":"living-room","color_scheme":"","image":"shopify:\/\/shop_images\/01.jpg","overlay_enable":true,"overlay_opacity":0.2}},"collection_4":{"type":"collection_item","settings":{"collection":"butcher-block-countertop","color_scheme":"","image":"shopify:\/\/shop_images\/1.5.png","overlay_enable":true,"overlay_opacity":0.2}},"collection_5":{"type":"collection_item","disabled":true,"settings":{"collection":"","color_scheme":"","image":"shopify:\/\/shop_images\/012.avif","overlay_enable":true,"overlay_opacity":0.2}}},"block_order":["collection_1","collection_2","collection_3","collection_4","collection_5"],"settings":{"layout":"standard","columns_per_row":4,"indent_value":"1.6rem","columns_mobile":"1","swipe_on_mobile":true,"image_ratio":"1\/1","object_fit":"cover","section_heading":"Shop by Categories","section_heading_size":"h3","section_button_label":"View All","section_button_link":"shopify:\/\/collections","section_button_style":"primary","margin_top":"m","margin_bottom":"no-indent"}},"media_Q7rHaM":{"type":"media","blocks":{"media_card_PwT4Nj":{"type":"media_card","settings":{"color_scheme":"","overlay_enable":false,"overlay_opacity":0.3,"show_video":true,"video":"shopify:\/\/files\/videos\/VIDEO BANNER NOEL 1.mp4","video_url":"","autoplay_video":true,"muted_video":false,"loop_video":true,"show_icon_play":false,"show_icon_sound":false,"description_video":"","subheading":"Christmas Is Coming","heading":"Start Decorating Now for a Home You’ll Love This Christmas","heading_size":"h1","text":"","primary_button_label":"Shop now","primary_button_link":"shopify:\/\/collections","secondary_button_label":"","secondary_button_link":"","full_link":false}}},"block_order":["media_card_PwT4Nj"],"custom_css":["@media (max-width: 767px) {h2, h1, .h1, .h0 {font-size: 20px !important; line-height: 1.1 !important; margin-bottom: 5px !important; } p, .rte, .banner__text {font-size: 13px !important; } .button {font-size: 12px !important; padding: 6px 12px !important; min-height: 0 !important; } .banner__content {padding: 10px !important; width: 95% !important; min-height: 0 !important; }}"],"name":"t:sections.media.name","settings":{"columns_per_row":1,"content_alignment":"center","indent_value":"2.4rem","swipe_on_mobile":false,"image_ratio":"16\/9","section_heading":"","section_heading_size":"h3","section_button_label":"","section_button_link":"","section_button_style":"secondary","margin_top":"s","margin_bottom":"s"}},"popular-products-1":{"type":"popular-products","settings":{"product_list":["thor-bed-frame","extension-dining-table","spade-dining-table-leg-set-of-4","arched-door-storage-cabinet","mid-century-modern-accent-cabinet","mid-century-modern-wood-side-table","jayden-barstool","jaden-dinning-chair","jayden-counter-stool","swivel-counter-stool","thor-counter-bar"],"columns_per_row":4,"columns_mobile":"2","swipe_on_mobile":true,"section_heading":"Best Seller","section_heading_size":"h3","section_button_label":"Shop All","section_button_link":"shopify:\/\/collections\/all","section_button_style":"primary","image_ratio":"1\/1","image_fit":"cover","show_secondary_image":true,"show_vendor":false,"show_collection":false,"show_desc":false,"content_alignment":"center","margin_top":"m","margin_bottom":"no-indent"}},"image-banner":{"type":"image-banner","settings":{"color_scheme":"background-1","section_layout":"standard","section_size":"container","image":"shopify:\/\/shop_images\/stool-file.jpg","image_ratio":"adapt","overlay_enable":false,"overlay_opacity":0.4,"content_alignment":"center","content_position":"left","subheading":"Design for Life, Made to Last","heading":"Pull Up A Seat & Feel At Home","heading_size":"h2","text":"From counter stools to dining chairs, explore handcrafted pieces that bring natural warmth and effortless comfort to your living space.","enable_animation":false,"promo_alignment":"left","percent":"","promo_badge":"","button_label":"Explore Now","button_link":"shopify:\/\/products\/thor-counter-bar","button_style":"primary","margin_top":"m","margin_bottom":"no-indent"}},"media":{"type":"media","blocks":{"block_1":{"type":"media_card","settings":{"color_scheme":"background-3","image":"shopify:\/\/shop_images\/V2_ARCHED_DOOR_Post_LightMix_Interactive_final_black_copy.png","overlay_enable":true,"overlay_opacity":0.3,"show_video":false,"video_url":"https:\/\/www.youtube.com\/watch?v=_9VUPq3SxOc","autoplay_video":true,"muted_video":true,"loop_video":true,"show_icon_play":true,"show_icon_sound":true,"description_video":"","subheading":"","heading":"Be the First to Introduce Exquisite Decor Collection","heading_size":"h2","text":"","primary_button_label":"Shop Now","primary_button_link":"shopify:\/\/products\/arched-door-storage-cabinet","secondary_button_label":"","secondary_button_link":"","full_link":true}},"block_2":{"type":"media_card","settings":{"color_scheme":"background-3","image":"shopify:\/\/shop_images\/blackbedtho_Post-_1_543e4244-ec65-4850-bd5a-4da4336b8291.png","overlay_enable":true,"overlay_opacity":0.3,"show_video":false,"video_url":"https:\/\/www.youtube.com\/watch?v=_9VUPq3SxOc","autoplay_video":false,"muted_video":true,"loop_video":true,"show_icon_play":true,"show_icon_sound":true,"description_video":"","subheading":"","heading":"Find Everything You Need to Refresh Living Space","heading_size":"h2","text":"","primary_button_label":"Shop Now","primary_button_link":"shopify:\/\/products\/thor-bed-frame","secondary_button_label":"","secondary_button_link":"","full_link":true}}},"block_order":["block_1","block_2"],"custom_css":["@media (max-width: 767px) {h2, h1, .h1, .h0 {font-size: 20px !important; line-height: 1.1 !important; margin-bottom: 5px !important; } p, .rte, .banner__text {font-size: 13px !important; } .button {font-size: 12px !important; padding: 6px 12px !important; min-height: 0 !important; } .banner__content {padding: 10px !important; width: 95% !important; min-height: 0 !important; }}"],"settings":{"columns_per_row":2,"content_alignment":"center","indent_value":"1.6rem","swipe_on_mobile":false,"image_ratio":"1\/1","section_heading":"","section_heading_size":"h3","section_button_label":"","section_button_link":"","section_button_style":"secondary","margin_top":"m","margin_bottom":"no-indent"}},"popular-products-2":{"type":"popular-products","disabled":true,"settings":{"product_list":["arched-door-storage-cabinet","swivel-counter-stool","thor-counter-bar","jaden-dinning-chair"],"columns_per_row":4,"columns_mobile":"1","swipe_on_mobile":true,"section_heading":"New Arrival","section_heading_size":"h3","section_button_label":"Shop All","section_button_link":"","section_button_style":"secondary","image_ratio":"1\/1","image_fit":"cover","show_secondary_image":true,"show_vendor":false,"show_collection":false,"show_desc":false,"content_alignment":"center","margin_top":"m","margin_bottom":"no-indent"}},"multicolumn":{"type":"multicolumn","blocks":{"column-1":{"type":"column","settings":{"icon":"globe","heading":"Free Shipping","text":"Enjoy free shipping when shop more! All orders over $250 are delivered to doorstep at no extra charge.","button_label":"","button_link":"","button_style":"secondary","full_link":true}},"column-2":{"type":"column","settings":{"icon":"return","heading":"30-Days Free Returns","text":"Enjoy the freedom of stress-free shopping with our hassle-free and complimentary return policy.","button_label":"","button_link":"","button_style":"secondary","full_link":true}},"column-3":{"type":"column","settings":{"icon":"lock","heading":"Secure Payment","text":"Shop with confidence knowing your payments are secure and your information is safeguarded.","button_label":"","button_link":"","button_style":"secondary","full_link":true}}},"block_order":["column-1","column-2","column-3"],"settings":{"columns_per_row":3,"content_alignment":"center","swipe_on_mobile":false,"card_heading_size":"h4","image_size":"large","image_ratio":"16\/9","object_fit":"cover","show_border_top":true,"show_border_bottom":true,"margin_top":"m","margin_bottom":"no-indent","padding_top":"xs","padding_bottom":"xs"}},"product-slider":{"type":"product-slider","blocks":{"product_slider_item_F4bV4K":{"type":"product-slider_item","settings":{"product":"mid-century-modern-accent-cabinet","image":"shopify:\/\/shop_images\/01_2e50c2bd-56f4-4872-88f9-1d36ec3e82d3.jpg","subheading":"","heading":"Beautiful Storage for Everyday Living, Crafted in Timeless Wood","heading_size":"h2","text":"","primary_button_label":"Shop Now","primary_button_link":"shopify:\/\/products\/mid-century-modern-accent-cabinet","secondary_button_label":"","secondary_button_link":"","overlay_enable":true,"overlay_opacity":0.2}},"product_slider_item_9ezLQa":{"type":"product-slider_item","settings":{"product":"mid-century-modern-wood-side-table","image":"shopify:\/\/shop_images\/cabinet-22.jpg","subheading":"","heading":"Welcome Home to Warmer Nights, Thoughtfully Crafted for Comfort","heading_size":"h2","text":"","primary_button_label":"Shop Now","primary_button_link":"shopify:\/\/products\/mid-century-modern-wood-side-table","secondary_button_label":"","secondary_button_link":"","overlay_enable":true,"overlay_opacity":0.2}},"block_1":{"type":"product-slider_item","settings":{"product":"thor-bed-frame","image":"shopify:\/\/shop_images\/banner-1_ba733d3e-ebd5-47b0-9835-fceb8c99e384.jpg","subheading":"","heading":"Elevate your space with solid wood elegance.","heading_size":"h1","text":"","primary_button_label":"Shop Now","primary_button_link":"shopify:\/\/collections\/bed-frame","secondary_button_label":"","secondary_button_link":"","overlay_enable":true,"overlay_opacity":0.5}},"block_2":{"type":"product-slider_item","settings":{"product":"arched-door-storage-cabinet","image":"shopify:\/\/shop_images\/V2_ARCHED_DOOR_Post_LightMix_Interactive_copy_942a5be2-5dff-4683-abef-34cafe8c47be.png","subheading":"","heading":"From classic pieces to modern accents, find everything you need to create a home","heading_size":"h2","text":"","primary_button_label":"Shop Now","primary_button_link":"shopify:\/\/products\/arched-door-storage-cabinet","secondary_button_label":"","secondary_button_link":"","overlay_enable":true,"overlay_opacity":0.2}},"block_3":{"type":"product-slider_item","settings":{"product":"extension-dining-table","image":"shopify:\/\/shop_images\/4_sce.png","subheading":"","heading":"Discover products crafted to add a splash of sophistication to your living spaces","heading_size":"h2","text":"","primary_button_label":"Shop Now","primary_button_link":"shopify:\/\/products\/extension-dining-table","secondary_button_label":"","secondary_button_link":"","overlay_enable":true,"overlay_opacity":0.2}}},"block_order":["product_slider_item_F4bV4K","product_slider_item_9ezLQa","block_1","block_2","block_3"],"custom_css":["@media (max-width: 767px) {h2, h1, .h1, .h0 {font-size: 20px !important; line-height: 1.1 !important; margin-bottom: 5px !important; } p, .rte, .banner__text {font-size: 13px !important; } .button {font-size: 12px !important; padding: 6px 12px !important; min-height: 0 !important; } .banner__content {padding: 10px !important; width: 95% !important; min-height: 0 !important; }}"],"settings":{"color_scheme":"background-3","section_size":"container","aspect_ratio":"16\/9","show_vendor":true,"product_aspect_ratio":"1\/1","product_object_fit":"cover","is_autoplay":true,"is_hover_stop_autoplay":true,"show_arrows":true,"show_bullets":true,"slideshow_speed":1,"slideshow_delay":2.5,"slide_effects":"slide","margin_top":"m","margin_bottom":"no-indent"}},"testimonials":{"type":"testimonials","blocks":{"testimonials_slide_1":{"type":"testimonials_slide","settings":{"image":"shopify:\/\/shop_images\/Swivel_LightOak_efc23fae-0388-497f-95d0-45238b482c3f.jpg","text":"Set has elevated my dining room to a space of elegance and comfort, where every family member enjoys spending time. It is not just furniture; it's an investment in quality and comfort.","product_name":"Swivel Counter Stool","author_name":"Dylan Moreno","enable_stars":true,"rating":5}},"testimonials_slide_2":{"type":"testimonials_slide","settings":{"image":"shopify:\/\/shop_images\/top2arc_Post_LightMix_Interactive_copy.png","text":"The storage space underneath is a thoughtful addition, helping keep the living room tidy and clutter-free.","product_name":"Graphite Gleam Plush Sofa","author_name":"Keira Ito","enable_stars":true,"rating":5}},"testimonials_slide_3":{"type":"testimonials_slide","settings":{"image":"shopify:\/\/shop_images\/1_sce.png","text":"I want to mention the delivery service, which was prompt and efficient. The delivery team assembled all the pieces expertly, leaving no mess behind, which was a huge relief.","product_name":"Modernist Conference Table","author_name":"Javier Espinoza","enable_stars":true,"rating":5}}},"block_order":["testimonials_slide_1","testimonials_slide_2","testimonials_slide_3"],"settings":{"layout":"image_right","image_size":"4\/3","is_loop":true,"is_autoplay":true,"is_hover_stop_autoplay":true,"show_arrows":true,"slideshow_speed":0.8,"slideshow_delay":3,"subheading":"Reviews","heading":"We Appreciate Your Feedback and Always Listen to Your Opinion","heading_size":"h2","text":"4.5 Out of 5 Stars from Over 325 Reviews","margin_top":"m","margin_bottom":"no-indent"}},"collapsible-content":{"type":"collapsible-content","blocks":{"accordion-1":{"type":"accordion","settings":{"question":"Can I customize furniture pieces?","answer":"Yes, many of our furniture pieces can be customized to match your preferences. You can choose from a variety of fabrics, finishes, and colors. Please visit our customization section for more details or contact our customer service.","answer_richtext":"","default_open":true}},"accordion-2":{"type":"accordion","settings":{"question":"What types of products do you offer?","answer":"We offer a wide range of home furnishings including sofas, dining sets, bedroom furniture, and home accessories such as rugs, lamps, and decorative pieces to cater to a variety of styles and preferences.","answer_richtext":"","default_open":false}},"accordion-3":{"type":"accordion","settings":{"question":"How can I track my order?","answer":"You can track your order status by logging into your account on our website and visiting the \"My Orders\" section. Additionally, you will receive email updates regarding the status of your order.","answer_richtext":"","default_open":false}}},"block_order":["accordion-1","accordion-2","accordion-3"],"settings":{"section_heading":"Frequently Asked Questions","section_heading_size":"h2","section_button_label":"Read All FAQ","section_button_link":"","section_button_style":"secondary","show_border_top":false,"show_border_bottom":false,"margin_top":"m","margin_bottom":"no-indent","padding_top":"no-indent","padding_bottom":"no-indent"}},"featured_blog":{"type":"featured-blog","settings":{"blog":"news","post_limit":4,"columns_per_row":4,"show_image":true,"show_tags":false,"show_date":false,"show_author":false,"show_excerpt":false,"show_count_comments":false,"columns_mobile":"1","swipe_on_mobile":true,"image_ratio":"4\/3","section_heading":"Blog Post","section_heading_size":"h3","section_button_label":"View All","section_button_link":"shopify:\/\/blogs\/news","section_button_style":"primary","margin_top":"m","margin_bottom":"no-indent"}},"newsletter":{"type":"newsletter","settings":{"color_scheme":"background-1","image":"shopify:\/\/shop_images\/top2arc_Post_LightMix_Interactive_-_black_copy.png","overlay_enable":true,"overlay_opacity":0.9,"align_content":"right","heading":"Sign Up to Our Newsletter and Get Special Offers","heading_size":"h2","newsletter_text":"By pressing the button “Subscribe”, you confirm that you have read and are agreeing to our Privacy Policy regarding the storage of the data submitted through this form.","button_style":"primary","show_border_top":true,"show_border_bottom":false,"margin_top":"m","margin_bottom":"no-indent","padding_top":"l","padding_bottom":"l"}}},"order":["slideshow","categories-list","media_Q7rHaM","popular-products-1","image-banner","media","popular-products-2","multicolumn","product-slider","testimonials","collapsible-content","featured_blog","newsletter"]}