{"sections":{"main":{"type":"main-page","disabled":true,"settings":{"heading_size":"h3","margin_top":"no-indent","margin_bottom":"m"}},"17622201952fcc3231":{"type":"apps","blocks":{"forms_inline_xebBcV":{"type":"shopify:\/\/apps\/forms\/blocks\/inline\/8744a304-fcb1-4347-b211-bb6b4759a76a","settings":{"form_id":"561924","text_color":"#202020","button_background_color":"#202020","button_label_color":"#FFFFFF","links_color":"#1878B9","errors_color":"#E02229","text_alignment":"center","form_alignment":"center","padding_top":0,"padding_bottom":24,"padding_right":0,"padding_left":0}}},"block_order":["forms_inline_xebBcV"],"settings":{"include_margins":true}}},"order":["main","17622201952fcc3231"]}