{"sections":{"main-product":{"type":"main-product","blocks":{"vendor":{"type":"text","disabled":true,"settings":{"text":"{{ product.vendor }}"}},"title":{"type":"title","settings":{"heading_size":"h2","badges_type":"inline","badges_color":"scheme-1c05c804-2455-4c6c-a0fb-bbaa5d7672e9"}},"reviews_io_reviewsio_rating_output_wEKgXW":{"type":"shopify:\/\/apps\/reviews-io\/blocks\/reviewsio-rating-output\/92a082e5-b297-4e88-b428-ac96cbc505f9","settings":{}},"price":{"type":"price","settings":{"show_tax_info":false,"show_shipping":false}},"popup":{"type":"popup","disabled":true,"settings":{"label":"Popup link text","page":"","heading":"Here can be your popup title","text":"<p>Popular choice with 5-star reviews—see why customers love it. <\/p>"}},"variant_picker":{"type":"variant_picker","settings":{"picker_type":"button"}},"buy_buttons":{"type":"buy_buttons","settings":{"show_dynamic_checkout":false,"show_quantity":true,"show_gift_card_recipient":true}},"custom_liquid_eynT4B":{"type":"custom_liquid","settings":{"custom_liquid":"<div class=\"reviews-io-nuggets-widget\"\n  widget-id=\"bNR4czsCPove3IY8\"\n data-store-name=\"allforwood.com\"\n lang=\"en\"\n  data-sku=\"{{ product.variants | map: 'sku' | join: ';' }};{{ product.variants | map: 'id' | join: ';' }}\"\n  tags=\"[! Remove brackets and provide tags if you wish to filter nuggets based on tags: e.g tag1;tag2 !]\"\n  branch=\"[! Remove brakcets and provide a branch name if you wish to filter nuggets by branch !]\"\n ><\/div>\n<script src='\/\/widget.reviews.io\/modern-widgets\/nuggets.js'><\/script>"}},"inventory":{"type":"inventory","disabled":true,"settings":{"show_shipping":false,"min_spend":0}},"pickup_availability":{"type":"pickup_availability","settings":{}},"description":{"type":"description","settings":{"description":""}},"dropdown_information_1":{"type":"dropdown_information","settings":{"characteristics":false,"heading":"RETURN POLICY","description":"<p>Enjoy hassle-free shopping with our 30-day free returns policy! If you're not completely satisfied with your clothing purchase, you have a whole month to return it for a full refund or exchange. We're committed to ensuring your shopping experience is risk-free and enjoyable.<br\/><br\/><\/p>","default_open":false}},"dropdown_information_2":{"type":"dropdown_information","settings":{"characteristics":false,"heading":"SHIPPING","description":"<p><strong>Delivery Expectations:<\/strong><\/p><p>Orders are shipped from our warehouse in Nevada.<\/p><ul><li>If you're on the West Coast, you'll receive your order in 3-5 business days.<\/li><li>If you're on the East Coast, you'll receive your order in 8-11 business days.<\/li><\/ul>","default_open":false}},"custom_liquid_XW6kLq":{"type":"custom_liquid","settings":{"custom_liquid":"{% if product.metafields.custom.assembly_care != blank %}\n  <a href=\"{{ product.metafields.custom.assembly_care.value.url }}\" target=\"_blank\" class=\"button\">\n    Download Assembly Instruction (PDF)\n  <\/a>\n{% endif %}"}}},"block_order":["vendor","title","reviews_io_reviewsio_rating_output_wEKgXW","price","popup","variant_picker","buy_buttons","custom_liquid_eynT4B","inventory","pickup_availability","description","dropdown_information_1","dropdown_information_2","custom_liquid_XW6kLq"],"settings":{"desktop_alignment":"left","mobile_alignment":"before","gallery_type":"thumbs_aside","image_ratio":"1\/1","image_fit":"contain","image_fit_modal":"contain","enable_video_looping":true,"show_border_bottom":true,"margin_top":"no-indent","margin_bottom":"no-indent","padding_bottom":"m"}},"product-complementary":{"type":"product-complementary","disabled":true,"settings":{"columns_per_row":4,"products_limit":4,"columns_mobile":"1","swipe_on_mobile":false,"section_heading":"Complementary Products","section_heading_size":"h3","section_button_label":"Shop All","section_button_link":"","section_button_style":"secondary","image_ratio":"3\/4","image_fit":"cover","show_secondary_image":true,"show_vendor":true,"show_collection":false,"show_desc":false,"content_alignment":"center","margin_top":"m","margin_bottom":"no-indent"}},"product-recommendations":{"type":"product-recommendations","settings":{"columns_per_row":4,"products_limit":4,"columns_mobile":"1","swipe_on_mobile":false,"section_heading":"You May Also Like","section_heading_size":"h3","section_button_label":"Shop All","section_button_link":"shopify:\/\/collections\/all","section_button_style":"secondary","image_ratio":"1\/1","image_fit":"cover","show_secondary_image":true,"show_vendor":false,"show_collection":false,"show_desc":false,"content_alignment":"center","margin_top":"l","margin_bottom":"l"}},"custom_liquid_CGrJa9":{"type":"custom-liquid","custom_css":[],"name":"t:sections.custom-liquid.presets.name","settings":{"custom_liquid":"<style>\n  .reviews-widget-wrapper {\n    max-width: 1440px;\n    width: 100%;\n    margin: 0 auto;\n    padding-left: 20px;\n    padding-right: 20px;\n    box-sizing: border-box;\n  }\n  .R-ContentList__item {\n    border-top: 1px solid rgba(0,0,0,0.15) !important;\n    border-left: 1px solid rgba(0,0,0,0.15) !important;\n    border-right: 1px solid rgba(0,0,0,0.15) !important;\n    padding-top: 42px !important;\n    padding-left: 24px !important;\n    padding-right: 16px !important;\n  }\n<\/style>\n\n{%- assign current_skus = product.variants | map: 'sku' | join: ';' -%}\n{%- assign current_ids = product.variants | map: 'id' | join: ';' -%}\n\n{%- comment -%} Mặc định lấy SKU hiện tại {%- endcomment -%}\n{%- assign final_sku_list = current_skus -%}\n\n{%- comment -%} \n  ĐIỀU KIỆN ĐẶC BIỆT: \n  Nếu SKU hiện tại chứa '400200' HOẶC '400200-5JA' \n  -> Thì ép buộc widget load cả 2 mã này cùng lúc.\n{%- endcomment -%}\n\n{%- if current_skus contains '400200' or current_skus contains '400200-5JA' -%}\n  {%- assign final_sku_list = '400200;400200-5JA' -%}\n{%- endif -%}\n\n<div class=\"reviews-widget-wrapper\">\n  <script src=\"https:\/\/widget.reviews.io\/polaris\/build.js\"><\/script>\n  <div id=\"ReviewsWidget\"><\/div>\n  <script>\n    new ReviewsWidget('#ReviewsWidget', {\n      store: 'allforwood.com',\n      widget: 'polaris',\n      options: {\n        types: 'product_review,questions',\n        enable_sentiment_analysis: true,\n        lang: 'en',\n        layout: '',\n        per_page: 15,\n        store_review: {\n          hide_if_no_results: false,\n        },\n        third_party_review: {\n          hide_if_no_results: false,\n        },\n        product_review: {\n          \/\/ SỬ DỤNG BIẾN ĐÃ XỬ LÝ Ở TRÊN\n          sku: \"{{ final_sku_list }};{{ current_ids }}\",\n          enable_rich_snippets: true,\n          structured_data: {\n            category: {{ product.type | json }},\n            {% capture gtin_length %}{{ product.variants.first.barcode | size }}{% endcapture %}\n            {% if gtin_length == \"14\" %}\n              gtin14: \"{{ product.variants.first.barcode }}\",\n            {% elsif gtin_length == \"13\" %}\n              gtin13: \"{{ product.variants.first.barcode }}\",\n            {% elsif gtin_length == \"12\" %}\n              gtin12: \"{{ product.variants.first.barcode }}\",\n            {% endif %}\n            url: \"{{ shop.url }}{{ product.url }}\",\n            {% if product.featured_image %}\n              image: \"https:{{ product.featured_image | image_url: 'grande' }}\",\n            {% endif %}\n            description: \"{{ product.description | strip_html | strip_newlines | escape }}\",\n            brand: {\n              type: 'Brand',\n              name: '{{ product.vendor | escape }}',\n            },\n          },\n          hide_if_no_results: false,\n        },\n        questions: {\n          hide_if_no_results: false,\n          enable_ask_question: true,\n          enable_ask_question_button_style: true,\n          show_dates: true,\n          \/\/ SỬ DỤNG BIẾN ĐÃ XỬ LÝ CHO CẢ CÂU HỎI\n          grouping: \"{{ final_sku_list }};{{ current_ids }}\"\n        },\n        header: {\n          enable_summary: true,\n          enable_ratings: true,\n          enable_attributes: true,\n          enable_image_gallery: true,\n          enable_percent_recommended: false,\n          enable_write_review: true,\n          enable_ask_question: true,\n          enable_sub_header: true,\n          rating_decimal_places: 2,\n          use_write_review_button: true,\n          enable_if_no_results: true,\n        },\n        sentiment: {\n          badge_text: 'Our Customers Say'\n        },\n        filtering: {\n          enable: true,\n          enable_text_search: true,\n          enable_sorting: true,\n          enable_product_filter: true,\n          enable_media_filter: true,\n          enable_overall_rating_filter: true,\n          enable_language_filter: false,\n          enable_language_filter_language_change: false,\n          enable_ratings_filters: true,\n          enable_attributes_filters: true,\n          enable_expanded_filters: false,\n        },\n        reviews: {\n          enable_avatar: true,\n          enable_reviewer_name: true,\n          enable_reviewer_address: true,\n          reviewer_address_format: 'city, country',\n          enable_verified_badge: true,\n          enable_subscriber_badge: true,\n          review_content_filter: 'undefined',\n          enable_reviewer_recommends: true,\n          enable_attributes: true,\n          enable_product_name: true,\n          enable_review_title: undefined,\n          enable_replies: true,\n          enable_images: true,\n          enable_ratings: true,\n          enable_share: true,\n          enable_helpful_vote: true,\n          enable_helpful_display: true,\n          enable_report: true,\n          enable_date: true,\n          enable_third_party_source: true,\n          enable_duplicate_reviews: undefined,\n        },\n      },\n      translations: {\n        'Verified Customer': 'Verified Customer'\n      },\n      styles: {\n        '--base-font-size': '16px',\n        '--common-button-font-family': 'inherit',\n        '--common-button-font-size': '16px',\n        '--common-button-font-weight': '500',\n        '--common-button-letter-spacing': '0',\n        '--common-button-text-transform': 'none',\n        '--common-button-vertical-padding': '10px',\n        '--common-button-horizontal-padding': '20px',\n        '--common-button-border-width': '2px',\n        '--common-button-border-radius': '10px',\n        '--primary-button-bg-color': '#214156',\n        '--primary-button-border-color': '#214156',\n        '--primary-button-text-color': '#ffffff',\n        '--secondary-button-bg-color': 'transparent',\n        '--secondary-button-border-color': '#214156',\n        '--secondary-button-text-color': '#214156',\n        '--common-star-color': '#FFBF00',\n        '--common-star-disabled-color': 'rgba(0,0,0,0.25)',\n        '--medium-star-size': '22px',\n        '--small-star-size': '19px',\n        '--heading-text-color': '#214156',\n        '--heading-text-font-weight': '600',\n        '--heading-text-font-family': 'inherit',\n        '--heading-text-line-height': '1.4',\n        '--heading-text-letter-spacing': '0',\n        '--heading-text-transform': 'none',\n        '--body-text-color': '#214156',\n        '--body-text-font-weight': '400',\n        '--body-text-font-family': 'inherit',\n        '--body-text-line-height': '1.4',\n        '--body-text-letter-spacing': '0',\n        '--body-text-transform': 'none',\n        '--inputfield-text-font-family': 'inherit',\n        '--input-text-font-size': '14px',\n        '--inputfield-text-font-weight': '400',\n        '--inputfield-text-color': '#214156',\n        '--inputfield-border-color': 'rgba(0,0,0,0.2)',\n        '--inputfield-background-color': 'transparent',\n        '--inputfield-border-width': '1px',\n        '--inputfield-border-radius': '10px',\n        '--common-border-color': 'rgba(0,0,0,0.15)',\n        '--common-border-width': '1px',\n        '--common-sidebar-width': '190px',\n        '--filters-panel-bg-color': 'transparent',\n        '--filters-panel-font-size': '16px',\n        '--filters-panel-text-color': '16px',\n        '--filters-panel-horizontal-padding': '0',\n        '--filters-panel-vertical-padding': '0',\n        '--slider-indicator-bg-color': 'rgba(0,0,0,0.1)',\n        '--slider-indicator-button-color': '#0E1311',\n        '--slider-indicator-width': '190px',\n        '--badge-icon-color': '#214156',\n        '--badge-icon-font-size': 'inherit',\n        '--badge-text-color': '#214156',\n        '--badge-text-font-size': 'inherit',\n        '--badge-text-letter-spacing': 'inherit',\n        '--badge-text-transform': 'inherit',\n        '--author-font-size': 'inherit',\n        '--author-text-transform': 'none',\n        '--avatar-thumbnail-size': '60px',\n        '--avatar-thumbnail-border-radius': '10px',\n        '--avatar-thumbnail-text-color': '#214156',\n        '--avatar-thumbnail-bg-color': 'rgba(0,0,0,0.1)',\n        '--photo-video-thumbnail-size': '80px',\n        '--photo-video-thumbnail-border-radius': '10px',\n        '--mediaslider-scroll-button-icon-color': '#0E1311',\n        '--mediaslider-scroll-button-bg-color': 'rgba(255, 255, 255, 0.85)',\n        '--mediaslider-overlay-text-color': '#ffffff',\n        '--mediaslider-overlay-bg-color': 'rgba(0, 0, 0, 0.8)',\n        '--mediaslider-item-size': '110px',\n        '--pagination-tab-text-color': '#214156',\n        '--pagination-tab-text-transform': 'none',\n        '--pagination-tab-text-letter-spacing': '0',\n        '--pagination-tab-text-font-size': '16px',\n        '--pagination-tab-text-font-weight': '600',\n        '--pagination-tab-active-text-color': '#214156',\n        '--pagination-tab-active-text-font-weight': '600',\n        '--pagination-tab-active-border-color': '#214156',\n        '--pagination-tab-border-width': '3px',\n      },\n    });\n  <\/script>\n<\/div>"}},"newsletter":{"type":"newsletter","settings":{"color_scheme":"background-1","overlay_enable":true,"overlay_opacity":0.9,"align_content":"right","heading":"Receive Latest Updates","heading_size":"h1","newsletter_text":"Be the first to hear about new collections, exclusive offers, and inspiring home ideas.","button_style":"primary","show_border_top":true,"show_border_bottom":false,"margin_top":"l","margin_bottom":"no-indent","padding_top":"l","padding_bottom":"l"}},"1762494402d5468f73":{"type":"apps","settings":{"include_margins":true}}},"order":["main-product","product-complementary","product-recommendations","custom_liquid_CGrJa9","newsletter","1762494402d5468f73"]}