{"current":{"color_scheme":"light","type_header_font":"inter_n6","type_section_header_font":"inter_n4","heading_h1_scale":105,"type_header_letter_spacing":-0.4,"type_header_line_height":1.2,"type_header_font_card":"inter_n4","heading_scale_card":175,"type_text_font_card":"inter_n4","type_body_font":"inter_n4","type_body_line_height":1.3,"type_body_letter_spacing":0.1,"body_scale":150,"type_subtitle_font":"inter_n4","type_button_font":"inter_n4","type_header_menu_font":"inter_n4","type_footer_menu_font":"inter_n4","type_popups_heading_font":"inter_n4","type_popups_text_font":"inter_n4","popup_desc_scale":120,"popup_text_scale":112,"notification_heading_scale":111,"notification_text_scale":118,"main_border_radius":2,"button_border_radius":2,"badge_sale_type":"sale","badge_custom_show":false,"type_color_swatch":"standart","custom_colors":"Orange: #CF8A53\nBlack: #181A20\nLight Steel Blue: #B2CBD7\nGreen: #84977A\nBlue: #455A98\nYellow: #F7E589\nOrange: #CF8A53\nRed: #B4401B\nGray: #D7D7D7\nBrown: #D0BFA8","show_color_swatch_title":false,"social_twitter_link":"https:\/\/x.com\/allforwood_co","social_facebook_link":"https:\/\/www.facebook.com\/allforwoodfurniture","social_pinterest_link":"https:\/\/www.pinterest.com\/allforwoodfurniture\/","social_instagram_link":"https:\/\/www.instagram.com\/allforwood.co\/profilecard","social_tiktok_link":"https:\/\/www.tiktok.com\/@allforwood","social_youtube_link":"https:\/\/www.youtube.com\/@allforwood-co","favicon":"shopify:\/\/shop_images\/Untitled-5_1502c392-3b0c-458f-846c-68a5bd957221.png","quickview_show":false,"add_to_cart_enabled":true,"show_on_mobile":true,"quickview_button_layout":"hover","predictive_search_show_secondary_image":true,"predictive_search_show_vendor":false,"search_media_size":"3\/4","search_page_card_ratio":"16\/9","pagination_type":"infinite_scroll","show_snow_effect":false,"cart_type":"drawer","cart_color_scheme":"background-1","cart_drawer_subtitle":"We've gathered all the fantastic products you've chosen during your shopping journey right here.","cart_image_ratio":"portrait","currency_code_enabled":false,"show_back_to_top":true,"sale_badge_color_scheme":"background-1","content_for_index":[],"blocks":{"10830403595879607806":{"type":"shopify:\/\/apps\/reviews-io\/blocks\/reviewsio-core\/92a082e5-b297-4e88-b428-ac96cbc505f9","disabled":false,"settings":{"url_key":"allforwood.com","lang":"auto","enable_syndication":true}},"16274361319697914395":{"type":"shopify:\/\/apps\/reviews-io\/blocks\/reviewsio-floating\/92a082e5-b297-4e88-b428-ac96cbc505f9","disabled":false,"settings":{"widget_id":"","show_all":true,"show_index":true,"show_product":true,"show_collection":true,"show_cart":true}},"15316669992541710076":{"type":"shopify:\/\/apps\/reviews-io\/blocks\/reviewsio-rating-snippet\/92a082e5-b297-4e88-b428-ac96cbc505f9","disabled":false,"settings":{"star":"#ffbf00","text_color":"#333333","snippet_mode":"default","text":"Reviews","line_break":false,"listen_for_changes":false,"rating_without_brackets":false,"format_review_count":false,"show_popup":false,"anchor_to_reviews_widget":true,"show_empty_stars":true}},"855628211100114053":{"type":"shopify:\/\/apps\/klaviyo-email-marketing-sms\/blocks\/klaviyo-onsite-embed\/2632fe16-c075-4321-a88b-50b567f42507","disabled":false,"settings":{}},"15683396631634586217":{"type":"shopify:\/\/apps\/inbox\/blocks\/chat\/841fc607-4181-4ad1-842d-e24d7f8bad6b","disabled":false,"settings":{"button_color":"#000000","secondary_color":"#FFFFFF","ternary_color":"#6A6A6A","button_icon":"chat_bubble","button_text":"chat_with_us","button_horizontal_position":"bottom_right","button_vertical_position":"lowest","greeting_message":""}},"13768625480086291342":{"type":"shopify:\/\/apps\/forms\/blocks\/forms\/8744a304-fcb1-4347-b211-bb6b4759a76a","disabled":true,"settings":{}},"2376911714703784909":{"type":"shopify:\/\/apps\/formful\/blocks\/app-embed\/be9de36b-78a1-4ce9-8de3-f1044fb2ee2e","disabled":true,"settings":{"form_id":"","title":"Don't miss out!","background_color":"#ffffff","text_color":"#000000","button_padding":12,"border_radius":0,"horizontal_position":5,"vertical_position":95}},"3138269044488530766":{"type":"shopify:\/\/apps\/uppromote-affiliate\/blocks\/core-script\/64c32457-930d-4cb9-9641-e24c0d9cf1f4","disabled":false,"settings":{}},"1996061711396120121":{"type":"shopify:\/\/apps\/uppromote-affiliate\/blocks\/message-bar\/64c32457-930d-4cb9-9641-e24c0d9cf1f4","disabled":false,"settings":{}},"9005256451184024879":{"type":"shopify:\/\/apps\/uppromote-affiliate\/blocks\/customer-referral\/64c32457-930d-4cb9-9641-e24c0d9cf1f4","disabled":false,"settings":{}},"4015264832934714879":{"type":"shopify:\/\/apps\/trustoo-email-popups\/blocks\/app\/a5670cf8-5705-4b01-ad9e-447033feae26","disabled":false,"settings":{}}},"color_schemes":{"background-1":{"settings":{"colors_text":"#131313","colors_secondary_text":"#6d6d6d","colors_tertiary_text":"#6d6d6d","colors_text_title":"#131313","colors_background_1":"#ffffff","colors_background_2":"#f5f0ed","background_gradient":"","colors_solid_button_labels":"#ffffff","colors_solid_button_labels_hover":"#ffffff","colors_solid_button_background":"#1c4153","colors_solid_button_background_hover":"#1c4153","colors_secondary_button_labels":"#131313","colors_secondary_button_labels_hover":"#131313","colors_secondary_button_border":"#dfdfdf","colors_secondary_button_border_hover":"#c3c3c3","colors_tertiary_button_labels":"#131313","colors_tertiary_button_labels_hover":"#131313","colors_badge_background":"#ffffff","colors_badge_labels":"#131313","colors_badge_labels_sale":"#db2727","colors_input_background":"#ffffff","colors_input_hover_background":"#ffffff","colors_input_border":"#dfdfdf","colors_input_hover_border":"#131313","card_new_price_color":"#131313","card_old_price_color":"#6d6d6d","colors_background_overlay":"#ffffff","color_border":"#dfdfdf","colors_background_3":"#f2f2f2"}},"background-2":{"settings":{"colors_text":"#131313","colors_secondary_text":"#6d6d6d","colors_tertiary_text":"#6d6d6d","colors_text_title":"#131313","colors_background_1":"#ffffff","colors_background_2":"#ffffff","background_gradient":"","colors_solid_button_labels":"#ffffff","colors_solid_button_labels_hover":"#ffffff","colors_solid_button_background":"#1c4153","colors_solid_button_background_hover":"#726157","colors_secondary_button_labels":"#131313","colors_secondary_button_labels_hover":"#131313","colors_secondary_button_border":"#dfdfdf","colors_secondary_button_border_hover":"#c3c3c3","colors_tertiary_button_labels":"#131313","colors_tertiary_button_labels_hover":"#131313","colors_badge_background":"#ffffff","colors_badge_labels":"#131313","colors_badge_labels_sale":"#db2727","colors_input_background":"#ffffff","colors_input_hover_background":"#ffffff","colors_input_border":"#dfdfdf","colors_input_hover_border":"#131313","card_new_price_color":"#131313","card_old_price_color":"#6d6d6d","colors_background_overlay":"#f5f0ed","color_border":"#dfdfdf","colors_background_3":"#f2f2f2"}},"background-3":{"settings":{"colors_text":"#f9f9f9","colors_secondary_text":"#f9f9f9","colors_tertiary_text":"#f9f9f9","colors_text_title":"#ffffff","colors_background_1":"#1c4153","colors_background_2":"#1c4153","background_gradient":"","colors_solid_button_labels":"#ffffff","colors_solid_button_labels_hover":"#1c4153","colors_solid_button_background":"#1c4153","colors_solid_button_background_hover":"#ffffff","colors_secondary_button_labels":"#ffffff","colors_secondary_button_labels_hover":"#1c4153","colors_secondary_button_border":"#3e3e3e","colors_secondary_button_border_hover":"#1c4153","colors_tertiary_button_labels":"#f9f9f9","colors_tertiary_button_labels_hover":"#f9f9f9","colors_badge_background":"#ffffff","colors_badge_labels":"#131313","colors_badge_labels_sale":"#db2727","colors_input_background":"#131313","colors_input_hover_background":"#131313","colors_input_border":"#3e3e3e","colors_input_hover_border":"#ffffff","card_new_price_color":"#ffffff","card_old_price_color":"#db2727","colors_background_overlay":"#131313","color_border":"#f5f0ed","colors_background_3":"#333333"}},"scheme-1c05c804-2455-4c6c-a0fb-bbaa5d7672e9":{"settings":{"colors_text":"#ffffff","colors_secondary_text":"#ffffff","colors_tertiary_text":"#ffffff","colors_text_title":"#131313","colors_background_1":"#1c4153","colors_background_2":"#f5f0ed","background_gradient":"","colors_solid_button_labels":"#1c4153","colors_solid_button_labels_hover":"#ffffff","colors_solid_button_background":"#1c4153","colors_solid_button_background_hover":"#1c4153","colors_secondary_button_labels":"#131313","colors_secondary_button_labels_hover":"#131313","colors_secondary_button_border":"#dfdfdf","colors_secondary_button_border_hover":"#c3c3c3","colors_tertiary_button_labels":"#131313","colors_tertiary_button_labels_hover":"#131313","colors_badge_background":"#ffffff","colors_badge_labels":"#131313","colors_badge_labels_sale":"#db2727","colors_input_background":"#ffffff","colors_input_hover_background":"#ffffff","colors_input_border":"#dfdfdf","colors_input_hover_border":"#131313","card_new_price_color":"#131313","card_old_price_color":"#6d6d6d","colors_background_overlay":"#ffffff","color_border":"#dfdfdf","colors_background_3":"#f2f2f2"}}}},"presets":{"Aesthetic":{"color_scheme":"light","type_header_font":"dm_sans_n4","type_section_header_font":"dm_sans_n4","type_header_letter_spacing":-0.4,"type_header_line_height":1.2,"type_header_font_card":"dm_sans_n4","type_text_font_card":"dm_sans_n4","type_body_font":"dm_sans_n4","type_body_letter_spacing":-0.2,"type_subtitle_font":"dm_sans_n7","type_button_font":"dm_sans_n7","type_header_menu_font":"dm_sans_n5","type_footer_menu_font":"dm_sans_n4","custom_colors":"Orange: #CF8A53\nBlack: #181A20\nLight Steel Blue: #B2CBD7\nGreen: #84977A\nBlue: #455A98\nYellow: #F7E589\nOrange: #CF8A53\nRed: #B4401B\nGray: #D7D7D7\nBrown: #D0BFA8","show_on_mobile":true,"search_media_size":"3\/4","search_page_card_ratio":"16\/9","cart_color_scheme":"background-1","cart_drawer_subtitle":"We've gathered all the fantastic products you've chosen during your shopping journey right here.","currency_code_enabled":false,"sale_badge_color_scheme":"background-1","content_for_index":[],"color_schemes":{"background-1":{"settings":{"colors_text":"#131313","colors_secondary_text":"#6d6d6d","colors_tertiary_text":"#6d6d6d","colors_text_title":"#131313","colors_background_1":"#ffffff","colors_background_2":"#f5f0ed","background_gradient":"","colors_solid_button_labels":"#ffffff","colors_solid_button_labels_hover":"#ffffff","colors_solid_button_background":"#82746c","colors_solid_button_background_hover":"#726157","colors_secondary_button_labels":"#131313","colors_secondary_button_labels_hover":"#131313","colors_secondary_button_border":"#dfdfdf","colors_secondary_button_border_hover":"#c3c3c3","colors_tertiary_button_labels":"#131313","colors_tertiary_button_labels_hover":"#131313","colors_badge_background":"#ffffff","colors_badge_labels":"#131313","colors_badge_labels_sale":"#db2727","colors_input_background":"#ffffff","colors_input_hover_background":"#ffffff","colors_input_border":"#dfdfdf","colors_input_hover_border":"#131313","card_new_price_color":"#131313","card_old_price_color":"#6d6d6d","colors_background_overlay":"#ffffff","color_border":"#dfdfdf","colors_background_3":"#f2f2f2"}},"background-2":{"settings":{"colors_text":"#131313","colors_secondary_text":"#6d6d6d","colors_tertiary_text":"#6d6d6d","colors_text_title":"#131313","colors_background_1":"#f5f0ed","colors_background_2":"#f5f0ed","background_gradient":"","colors_solid_button_labels":"#ffffff","colors_solid_button_labels_hover":"#ffffff","colors_solid_button_background":"#82746c","colors_solid_button_background_hover":"#726157","colors_secondary_button_labels":"#131313","colors_secondary_button_labels_hover":"#131313","colors_secondary_button_border":"#dfdfdf","colors_secondary_button_border_hover":"#c3c3c3","colors_tertiary_button_labels":"#131313","colors_tertiary_button_labels_hover":"#131313","colors_badge_background":"#ffffff","colors_badge_labels":"#131313","colors_badge_labels_sale":"#db2727","colors_input_background":"#f5f0ed","colors_input_hover_background":"#f5f0ed","colors_input_border":"#dfdfdf","colors_input_hover_border":"#131313","card_new_price_color":"#131313","card_old_price_color":"#6d6d6d","colors_background_overlay":"#f5f0ed","color_border":"#dfdfdf","colors_background_3":"#f2f2f2"}},"background-3":{"settings":{"colors_text":"#ffffff","colors_secondary_text":"#ffffff","colors_tertiary_text":"#ffffff","colors_text_title":"#ffffff","colors_background_1":"#131313","colors_background_2":"#131313","background_gradient":"","colors_solid_button_labels":"#ffffff","colors_solid_button_labels_hover":"#ffffff","colors_solid_button_background":"#82746c","colors_solid_button_background_hover":"#726157","colors_secondary_button_labels":"#ffffff","colors_secondary_button_labels_hover":"#ffffff","colors_secondary_button_border":"#3e3e3e","colors_secondary_button_border_hover":"#ffffff","colors_tertiary_button_labels":"#ffffff","colors_tertiary_button_labels_hover":"#ffffff","colors_badge_background":"#ffffff","colors_badge_labels":"#131313","colors_badge_labels_sale":"#db2727","colors_input_background":"#131313","colors_input_hover_background":"#131313","colors_input_border":"#3e3e3e","colors_input_hover_border":"#ffffff","card_new_price_color":"#ffffff","card_old_price_color":"#8a8a8a","colors_background_overlay":"#131313","color_border":"#3e3e3e","colors_background_3":"#333333"}}}},"Basics":{"color_scheme":"light","type_header_font":"syne_n5","type_section_header_font":"syne_n5","type_header_letter_spacing":-0.4,"type_header_line_height":1.2,"type_header_font_card":"syne_n4","type_text_font_card":"dm_sans_n4","type_body_font":"dm_sans_n4","type_body_letter_spacing":-0.2,"type_subtitle_font":"dm_sans_n7","type_button_font":"dm_sans_n7","type_header_menu_font":"dm_sans_n5","type_footer_menu_font":"dm_sans_n4","custom_colors":"Orange: #CF8A53\nBlack: #181A20\nLight Steel Blue: #B2CBD7\nGreen: #84977A\nBlue: #455A98\nYellow: #F7E589\nOrange: #CF8A53\nRed: #B4401B\nGray: #D7D7D7\nBrown: #D0BFA8","show_color_swatch_title":true,"add_to_cart_enabled":false,"show_on_mobile":true,"search_media_size":"3\/4","search_categories_image_ratio":"4\/3","search_page_card_ratio":"16\/9","pagination_type":"infinite_scroll","cart_color_scheme":"background-1","cart_drawer_subtitle":"We've gathered all the fantastic products you've chosen during your shopping journey right here.","currency_code_enabled":false,"show_back_to_top":true,"sale_badge_color_scheme":"background-1","content_for_index":[],"color_schemes":{"background-1":{"settings":{"colors_text":"#131313","colors_secondary_text":"#6d6d6d","colors_tertiary_text":"#6d6d6d","colors_text_title":"#131313","colors_background_1":"#ffffff","colors_background_2":"#f2f2f2","background_gradient":"","colors_solid_button_labels":"#ffffff","colors_solid_button_labels_hover":"#ffffff","colors_solid_button_background":"#131313","colors_solid_button_background_hover":"#020202","colors_secondary_button_labels":"#131313","colors_secondary_button_labels_hover":"#131313","colors_secondary_button_border":"#dfdfdf","colors_secondary_button_border_hover":"#c3c3c3","colors_tertiary_button_labels":"#131313","colors_tertiary_button_labels_hover":"#131313","colors_badge_background":"#ffffff","colors_badge_labels":"#131313","colors_badge_labels_sale":"#db2727","colors_input_background":"#ffffff","colors_input_hover_background":"#ffffff","colors_input_border":"#dfdfdf","colors_input_hover_border":"#131313","card_new_price_color":"#131313","card_old_price_color":"#6d6d6d","colors_background_overlay":"#ffffff","color_border":"#dfdfdf","colors_background_3":"#f2f2f2"}},"background-2":{"settings":{"colors_text":"#131313","colors_secondary_text":"#6d6d6d","colors_tertiary_text":"#6d6d6d","colors_text_title":"#131313","colors_background_1":"#f2f2f2","colors_background_2":"#f2f2f2","background_gradient":"","colors_solid_button_labels":"#ffffff","colors_solid_button_labels_hover":"#ffffff","colors_solid_button_background":"#131313","colors_solid_button_background_hover":"#020202","colors_secondary_button_labels":"#131313","colors_secondary_button_labels_hover":"#131313","colors_secondary_button_border":"#dfdfdf","colors_secondary_button_border_hover":"#c3c3c3","colors_tertiary_button_labels":"#131313","colors_tertiary_button_labels_hover":"#131313","colors_badge_background":"#ffffff","colors_badge_labels":"#131313","colors_badge_labels_sale":"#db2727","colors_input_background":"#f5f0ed","colors_input_hover_background":"#f5f0ed","colors_input_border":"#dfdfdf","colors_input_hover_border":"#131313","card_new_price_color":"#131313","card_old_price_color":"#6d6d6d","colors_background_overlay":"#f5f0ed","color_border":"#dfdfdf","colors_background_3":"#f2f2f2"}},"background-3":{"settings":{"colors_text":"#ffffff","colors_secondary_text":"#ededed","colors_tertiary_text":"#ffffff","colors_text_title":"#ffffff","colors_background_1":"#131313","colors_background_2":"#131313","background_gradient":"","colors_solid_button_labels":"#ffffff","colors_solid_button_labels_hover":"#ffffff","colors_solid_button_background":"#131313","colors_solid_button_background_hover":"#020202","colors_secondary_button_labels":"#ffffff","colors_secondary_button_labels_hover":"#ffffff","colors_secondary_button_border":"#3e3e3e","colors_secondary_button_border_hover":"#ffffff","colors_tertiary_button_labels":"#ffffff","colors_tertiary_button_labels_hover":"#ffffff","colors_badge_background":"#ffffff","colors_badge_labels":"#131313","colors_badge_labels_sale":"#db2727","colors_input_background":"#131313","colors_input_hover_background":"#131313","colors_input_border":"#3e3e3e","colors_input_hover_border":"#ffffff","card_new_price_color":"#ffffff","card_old_price_color":"#8a8a8a","colors_background_overlay":"#131313","color_border":"#3e3e3e","colors_background_3":"#333333"}}}},"Formula":{"color_scheme":"light","type_header_font":"fahkwang_n4","type_section_header_font":"fahkwang_n4","type_header_letter_spacing":-0.4,"type_header_line_height":1.1,"type_header_text_transform":"uppercase","type_header_font_card":"dm_sans_n4","type_text_font_card":"dm_sans_n4","type_body_font":"dm_sans_n4","type_body_letter_spacing":-0.2,"type_subtitle_font":"dm_sans_n7","subtitle_text_transform":"capitalize","subtitle_letter_spacing":-0.2,"subtitle_scale":150,"type_button_font":"dm_sans_n7","type_header_menu_font":"dm_sans_n5","header_menu_text_transform":"none","type_footer_menu_font":"dm_sans_n5","badge_border_radius":2,"custom_colors":"Orange: #CF8A53\nBlack: #181A20\nLight Steel Blue: #B2CBD7\nGreen: #84977A\nBlue: #455A98\nYellow: #F7E589\nOrange: #CF8A53\nRed: #B4401B\nGray: #D7D7D7\nBrown: #D0BFA8","quickview_show":true,"add_to_cart_enabled":true,"show_on_mobile":true,"search_media_size":"3\/4","search_categories_image_ratio":"3\/4","search_page_card_ratio":"16\/9","cart_color_scheme":"background-1","cart_drawer_subtitle":"We've gathered all the fantastic products you've chosen during your shopping journey right here.","currency_code_enabled":false,"sale_badge_color_scheme":"background-1","content_for_index":[],"color_schemes":{"background-1":{"settings":{"colors_text":"#131313","colors_secondary_text":"#6d6d6d","colors_tertiary_text":"#e84c14","colors_text_title":"#4349a4","colors_background_1":"#ffffff","colors_background_2":"#eeede9","background_gradient":"","colors_solid_button_labels":"#ffffff","colors_solid_button_labels_hover":"#ffffff","colors_solid_button_background":"#4349a4","colors_solid_button_background_hover":"#252a82","colors_secondary_button_labels":"#4349a4","colors_secondary_button_labels_hover":"#4349a4","colors_secondary_button_border":"#dfdfdf","colors_secondary_button_border_hover":"#c3c3c3","colors_tertiary_button_labels":"#131313","colors_tertiary_button_labels_hover":"#131313","colors_badge_background":"#ffffff","colors_badge_labels":"#131313","colors_badge_labels_sale":"#db2727","colors_input_background":"#ffffff","colors_input_hover_background":"#ffffff","colors_input_border":"#dfdfdf","colors_input_hover_border":"#131313","card_new_price_color":"#131313","card_old_price_color":"#6d6d6d","colors_background_overlay":"#ffffff","color_border":"#dfdfdf","colors_background_3":"#f2f2f2"}},"background-2":{"settings":{"colors_text":"#131313","colors_secondary_text":"#6d6d6d","colors_tertiary_text":"#e84c14","colors_text_title":"#4349a4","colors_background_1":"#eeede9","colors_background_2":"#eeede9","background_gradient":"","colors_solid_button_labels":"#ffffff","colors_solid_button_labels_hover":"#ffffff","colors_solid_button_background":"#4349a4","colors_solid_button_background_hover":"#252a82","colors_secondary_button_labels":"#4349a4","colors_secondary_button_labels_hover":"#4349a4","colors_secondary_button_border":"#dfdfdf","colors_secondary_button_border_hover":"#c3c3c3","colors_tertiary_button_labels":"#131313","colors_tertiary_button_labels_hover":"#131313","colors_badge_background":"#ffffff","colors_badge_labels":"#131313","colors_badge_labels_sale":"#db2727","colors_input_background":"#f5f0ed","colors_input_hover_background":"#f5f0ed","colors_input_border":"#dfdfdf","colors_input_hover_border":"#131313","card_new_price_color":"#131313","card_old_price_color":"#6d6d6d","colors_background_overlay":"#f5f0ed","color_border":"#dfdfdf","colors_background_3":"#f2f2f2"}},"background-3":{"settings":{"colors_text":"#ffffff","colors_secondary_text":"#ffffff","colors_tertiary_text":"#ffffff","colors_text_title":"#ffffff","colors_background_1":"#131313","colors_background_2":"#131313","background_gradient":"","colors_solid_button_labels":"#ffffff","colors_solid_button_labels_hover":"#ffffff","colors_solid_button_background":"#4349a4","colors_solid_button_background_hover":"#252a82","colors_secondary_button_labels":"#ffffff","colors_secondary_button_labels_hover":"#ffffff","colors_secondary_button_border":"#3e3e3e","colors_secondary_button_border_hover":"#ffffff","colors_tertiary_button_labels":"#ffffff","colors_tertiary_button_labels_hover":"#ffffff","colors_badge_background":"#ffffff","colors_badge_labels":"#131313","colors_badge_labels_sale":"#db2727","colors_input_background":"#131313","colors_input_hover_background":"#131313","colors_input_border":"#3e3e3e","colors_input_hover_border":"#ffffff","card_new_price_color":"#ffffff","card_old_price_color":"#8a8a8a","colors_background_overlay":"#131313","color_border":"#3e3e3e","colors_background_3":"#333333"}}}},"Love":{"color_scheme":"light","type_header_font":"fraunces_n4","type_section_header_font":"fraunces_i4","type_header_letter_spacing":-0.2,"type_header_line_height":1.1,"type_header_font_card":"dm_sans_n4","type_text_font_card":"dm_sans_n4","type_body_font":"dm_sans_n4","type_body_letter_spacing":-0.2,"type_subtitle_font":"dm_sans_n7","subtitle_text_transform":"capitalize","subtitle_letter_spacing":-0.2,"subtitle_scale":150,"type_button_font":"dm_sans_n7","type_header_menu_font":"dm_sans_n5","type_footer_menu_font":"dm_sans_n4","quickview_hover":true,"custom_colors":"Orange: #CF8A53\nBlack: #181A20\nLight Steel Blue: #B2CBD7\nGreen: #84977A\nBlue: #455A98\nYellow: #F7E589\nOrange: #CF8A53\nRed: #B4401B\nGray: #D7D7D7\nBrown: #D0BFA8","add_to_cart_enabled":true,"show_on_mobile":true,"search_media_size":"3\/4","search_page_card_ratio":"16\/9","pagination_type":"infinite_scroll","cart_color_scheme":"background-1","cart_drawer_subtitle":"We've gathered all the fantastic products you've chosen during your shopping journey right here.","currency_code_enabled":false,"sale_badge_color_scheme":"background-1","content_for_index":[],"color_schemes":{"background-1":{"settings":{"colors_text":"#131313","colors_secondary_text":"#6d6d6d","colors_tertiary_text":"#6d6d6d","colors_text_title":"#131313","colors_background_1":"#ffffff","colors_background_2":"#f0f3f5","background_gradient":"","colors_solid_button_labels":"#ffffff","colors_solid_button_labels_hover":"#ffffff","colors_solid_button_background":"#102c57","colors_solid_button_background_hover":"#0d213f","colors_secondary_button_labels":"#131313","colors_secondary_button_labels_hover":"#131313","colors_secondary_button_border":"#dfdfdf","colors_secondary_button_border_hover":"#c3c3c3","colors_tertiary_button_labels":"#131313","colors_tertiary_button_labels_hover":"#131313","colors_badge_background":"#ffffff","colors_badge_labels":"#131313","colors_badge_labels_sale":"#db2727","colors_input_background":"#ffffff","colors_input_hover_background":"#ffffff","colors_input_border":"#dfdfdf","colors_input_hover_border":"#131313","card_new_price_color":"#131313","card_old_price_color":"#6d6d6d","colors_background_overlay":"#ffffff","color_border":"#dfdfdf","colors_background_3":"#f2f2f2"}},"background-2":{"settings":{"colors_text":"#131313","colors_secondary_text":"#6d6d6d","colors_tertiary_text":"#6d6d6d","colors_text_title":"#131313","colors_background_1":"#f0f3f5","colors_background_2":"#f0f3f5","background_gradient":"","colors_solid_button_labels":"#ffffff","colors_solid_button_labels_hover":"#ffffff","colors_solid_button_background":"#102c57","colors_solid_button_background_hover":"#0d213f","colors_secondary_button_labels":"#131313","colors_secondary_button_labels_hover":"#131313","colors_secondary_button_border":"#dfdfdf","colors_secondary_button_border_hover":"#c3c3c3","colors_tertiary_button_labels":"#131313","colors_tertiary_button_labels_hover":"#131313","colors_badge_background":"#ffffff","colors_badge_labels":"#131313","colors_badge_labels_sale":"#db2727","colors_input_background":"#f5f0ed","colors_input_hover_background":"#f5f0ed","colors_input_border":"#dfdfdf","colors_input_hover_border":"#131313","card_new_price_color":"#131313","card_old_price_color":"#6d6d6d","colors_background_overlay":"#f5f0ed","color_border":"#dfdfdf","colors_background_3":"#f2f2f2"}},"background-3":{"settings":{"colors_text":"#ffffff","colors_secondary_text":"#ffffff","colors_tertiary_text":"#ffffff","colors_text_title":"#ffffff","colors_background_1":"#131313","colors_background_2":"#131313","background_gradient":"","colors_solid_button_labels":"#ffffff","colors_solid_button_labels_hover":"#ffffff","colors_solid_button_background":"#102c57","colors_solid_button_background_hover":"#0d213f","colors_secondary_button_labels":"#ffffff","colors_secondary_button_labels_hover":"#ffffff","colors_secondary_button_border":"#3e3e3e","colors_secondary_button_border_hover":"#ffffff","colors_tertiary_button_labels":"#ffffff","colors_tertiary_button_labels_hover":"#ffffff","colors_badge_background":"#ffffff","colors_badge_labels":"#131313","colors_badge_labels_sale":"#db2727","colors_input_background":"#131313","colors_input_hover_background":"#131313","colors_input_border":"#3e3e3e","colors_input_hover_border":"#ffffff","card_new_price_color":"#ffffff","card_old_price_color":"#8a8a8a","colors_background_overlay":"#131313","color_border":"#3e3e3e","colors_background_3":"#333333"}}}},"Palette":{"color_scheme":"light","type_header_font":"jost_n7","type_section_header_font":"jost_n7","type_header_letter_spacing":-0.4,"type_header_line_height":1.1,"type_header_font_card":"dm_sans_n4","type_text_font_card":"dm_sans_n4","type_body_font":"dm_sans_n4","type_body_letter_spacing":-0.2,"type_subtitle_font":"dm_sans_n7","type_button_font":"dm_sans_n7","type_header_menu_font":"dm_sans_n5","type_footer_menu_font":"dm_sans_n5","custom_colors":"Orange: #CF8A53\nBlack: #181A20\nLight Steel Blue: #B2CBD7\nGreen: #84977A\nBlue: #455A98\nYellow: #F7E589\nOrange: #CF8A53\nRed: #B4401B\nGray: #D7D7D7\nBrown: #D0BFA8","add_to_cart_enabled":false,"show_on_mobile":true,"search_media_size":"3\/4","search_page_card_ratio":"16\/9","cart_color_scheme":"background-1","cart_drawer_subtitle":"We've gathered all the fantastic products you've chosen during your shopping journey right here.","currency_code_enabled":false,"sale_badge_color_scheme":"background-1","content_for_index":[],"color_schemes":{"background-1":{"settings":{"colors_text":"#244140","colors_secondary_text":"#6d6d6d","colors_tertiary_text":"#ad3a00","colors_text_title":"#244140","colors_background_1":"#ffffff","colors_background_2":"#f6f5f5","background_gradient":"","colors_solid_button_labels":"#ffffff","colors_solid_button_labels_hover":"#ffffff","colors_solid_button_background":"#244140","colors_solid_button_background_hover":"#183231","colors_secondary_button_labels":"#244140","colors_secondary_button_labels_hover":"#244140","colors_secondary_button_border":"#dfdfdf","colors_secondary_button_border_hover":"#c3c3c3","colors_tertiary_button_labels":"#244140","colors_tertiary_button_labels_hover":"#244140","colors_badge_background":"#ffffff","colors_badge_labels":"#131313","colors_badge_labels_sale":"#db2727","colors_input_background":"#ffffff","colors_input_hover_background":"#ffffff","colors_input_border":"#dfdfdf","colors_input_hover_border":"#131313","card_new_price_color":"#244140","card_old_price_color":"#6d6d6d","colors_background_overlay":"#ffffff","color_border":"#dfdfdf","colors_background_3":"#f2f2f2"}},"background-2":{"settings":{"colors_text":"#244140","colors_secondary_text":"#6d6d6d","colors_tertiary_text":"#ad3a00","colors_text_title":"#244140","colors_background_1":"#f6f5f5","colors_background_2":"#f6f5f5","background_gradient":"","colors_solid_button_labels":"#ffffff","colors_solid_button_labels_hover":"#ffffff","colors_solid_button_background":"#244140","colors_solid_button_background_hover":"#183231","colors_secondary_button_labels":"#244140","colors_secondary_button_labels_hover":"#244140","colors_secondary_button_border":"#dfdfdf","colors_secondary_button_border_hover":"#c3c3c3","colors_tertiary_button_labels":"#244140","colors_tertiary_button_labels_hover":"#244140","colors_badge_background":"#ffffff","colors_badge_labels":"#131313","colors_badge_labels_sale":"#db2727","colors_input_background":"#f6f5f5","colors_input_hover_background":"#f6f5f5","colors_input_border":"#dfdfdf","colors_input_hover_border":"#131313","card_new_price_color":"#244140","card_old_price_color":"#6d6d6d","colors_background_overlay":"#f6f5f5","color_border":"#dfdfdf","colors_background_3":"#f2f2f2"}},"background-3":{"settings":{"colors_text":"#ffffff","colors_secondary_text":"#ffffff","colors_tertiary_text":"#ffffff","colors_text_title":"#ffffff","colors_background_1":"#131313","colors_background_2":"#131313","background_gradient":"","colors_solid_button_labels":"#ffffff","colors_solid_button_labels_hover":"#ffffff","colors_solid_button_background":"#244140","colors_solid_button_background_hover":"#183231","colors_secondary_button_labels":"#ffffff","colors_secondary_button_labels_hover":"#ffffff","colors_secondary_button_border":"#3e3e3e","colors_secondary_button_border_hover":"#ffffff","colors_tertiary_button_labels":"#ffffff","colors_tertiary_button_labels_hover":"#ffffff","colors_badge_background":"#ffffff","colors_badge_labels":"#131313","colors_badge_labels_sale":"#db2727","colors_input_background":"#131313","colors_input_hover_background":"#131313","colors_input_border":"#3e3e3e","colors_input_hover_border":"#ffffff","card_new_price_color":"#ffffff","card_old_price_color":"#8a8a8a","colors_background_overlay":"#131313","color_border":"#3e3e3e","colors_background_3":"#333333"}}}}},"platform_customizations":{"custom_css":[]}}